Group 1,Group 2,Shapiro-Wilk test statistic Group 1,Shapiro-Wilk p value Group 1,Shapiro-wilk test statistic Group 2,Shapiro-Wilk p value Group 2,F test: F statistic,F test: num df,F test: denom df,F test: pvalue,test for comparisons of central tendencies,H0,test statistic,df,p value,FDR corrected p value,reject H0
MT48,dT,0.796914675413937,0.0764577384103486,0.911673297824862,0.477710994920777,1.63194780661186,4,4,0.646761439258471,t test with equal variances,mean group 1 = mean group 2,0.889000400142096,8,0.399943873109754,0.399943873109754,no
MT48,MT14,0.796914675413937,0.0764577384103486,0.874308740805169,0.284311725166277,3.9959511591312,4,4,0.208311297541397,t test with equal variances,mean group 1 = mean group 2,-1.46475465770538,8,0.181149187258044,0.399943873109754,no
MT48,pel,0.796914675413937,0.0764577384103486,0.925638561885767,0.566945688775524,0.682928580786811,4,4,0.720736989963596,t test with equal variances,mean group 1 = mean group 2,0.938202835014112,8,0.375597161101227,0.399943873109754,no
MT48,pel/usher,0.796914675413937,0.0764577384103486,0.982237986206897,0.946227753284028,1.96258099962964,4,4,0.52978081867458,t test with equal variances,mean group 1 = mean group 2,1.01901587958601,8,0.338019373541959,0.399943873109754,no
MT48,fimA/usher,0.796914675413937,0.0764577384103486,0.971546516524944,0.885083821783622,1.79727158848787,4,4,0.584050329739521,t test with equal variances,mean group 1 = mean group 2,-2.36633593578687,8,0.0455059352466843,0.273035611480106,no
MT48,fli/usher,0.796914675413937,0.0764577384103486,0.828428182658705,0.135387688490321,1.6076863698917,4,4,0.656772747048494,t test with equal variances,mean group 1 = mean group 2,-1.12580365850984,8,0.292885899686861,0.399943873109754,no
