Group 1,Group 2,Shapiro-Wilk test statistic Group 1,Shapiro-Wilk p value Group 1,Shapiro-wilk test statistic Group 2,Shapiro-Wilk p value Group 2,F test: F statistic,F test: num df,F test: denom df,F test: pvalue,test for comparisons of central tendencies,H0,test statistic,df,p value,FDR corrected p value,reject H0
MT48+dT,MT14+dT,0.920126885349954,0.530758592871262,0.894130583278781,0.378300296989693,0.361292519072298,4,4,0.347856296817548,t test with equal variances,mean group 1 = mean group 2,-2.92009869877372,8,0.019288360016485,0.0378903154429299,yes
MT48+dT,fimA/usher+dT,0.920126885349954,0.530758592871262,0.993247118935332,0.989738934106275,0.50241016509944,4,4,0.521372710728873,t test with equal variances,mean group 1 = mean group 2,-2.8131008815026,8,0.022734189265758,0.0378903154429299,yes
MT48+dT,fli/usher+dT,0.920126885349954,0.530758592871262,0.864830125399413,0.277881449229531,0.602754549721707,4,3,0.622523884815294,t test with equal variances,mean group 1 = mean group 2,-3.58994247501703,7,0.00885781709155322,0.0378903154429299,yes
MT48+dT,pel+dT,0.920126885349954,0.530758592871262,0.948722312692312,0.728057611350054,0.130615569452754,4,4,0.073910262989843,t test with equal variances,mean group 1 = mean group 2,-0.121154838701652,8,0.906556191783799,1,no
MT48+dT,pel/usher+dT,0.920126885349954,0.530758592871262,0.765291164917289,0.0340801492597531,0.22421143065287,4,2,0.19169674773012,Mann-Whitney U test,median group 1 = medan group 2,7,NA,1,1,no
