Group 1,Group 2,Shapiro-Wilk test statistic Group 1,Shapiro-Wilk p value Group 1,Shapiro-wilk test statistic Group 2,Shapiro-Wilk p value Group 2,F test: F statistic,F test: num df,F test: denom df,F test: pvalue,test for comparisons of central tendencies,H0,test statistic,df,p value,FDR corrected p value,reject H0
MT48+dT,MT14+dT,0.994601981665326,0.993070871065746,0.930987120971816,0.603117413735116,1.72342100900834,4,4,0.610927005477332,t test with equal variances,mean group 1 = mean group 2,-4.33157644558578,8,0.00250665311692143,0.0125332655846072,yes
MT48+dT,fimA/usher+dT,0.994601981665326,0.993070871065746,0.975876578217591,0.911449719404968,0.889641808323606,4,4,0.912497127994512,t test with equal variances,mean group 1 = mean group 2,-2.98711623487434,8,0.0174103553245288,0.0290172588742147,yes
MT48+dT,fli/usher+dT,0.994601981665326,0.993070871065746,0.976892521006497,0.883573228816908,0.338808057782767,4,3,0.322919267628787,t test with equal variances,mean group 1 = mean group 2,-3.11039007529021,7,0.0170718805551465,0.0290172588742147,yes
MT48+dT,pel+dT,0.994601981665326,0.993070871065746,0.961851351561045,0.820813165738815,0.592311531653345,4,4,0.624338681742388,t test with equal variances,mean group 1 = mean group 2,0.48009613464311,8,0.644011199617214,0.644011199617214,no
MT48+dT,pel/usher+dT,0.994601981665326,0.993070871065746,0.878381002397342,0.331767237138095,0.947796595610677,4,3,0.921074270947268,t test with equal variances,mean group 1 = mean group 2,1.84446491593266,7,0.107637690948818,0.134547113686022,no
