Group 1,Group 2,Shapiro-Wilk test statistic Group 1,Shapiro-Wilk p value Group 1,Shapiro-wilk test statistic Group 2,Shapiro-Wilk p value Group 2,F test: F statistic,F test: num df,F test: denom df,F test: pvalue,test for comparisons of central tendencies,H0,test statistic,df,p value,FDR corrected p value,reject H0
MT14+dT,MT48+dT,0.894130583278781,0.378300296989693,0.920126885349954,0.530758592871262,2.76784031556405,4,4,0.347856296817548,t test with equal variances,mean group 1 = mean group 2,2.92009869877372,8,0.019288360016485,0.0964418000824252,no
MT14+dT,fimA/usher+dT,0.894130583278781,0.378300296989693,0.993247118935332,0.989738934106275,1.39059110991142,4,4,0.757100577591538,t test with equal variances,mean group 1 = mean group 2,0.368372490402334,8,0.722152553176595,0.855216893299162,no
MT14+dT,fli/usher+dT,0.894130583278781,0.378300296989693,0.864830125399413,0.277881449229531,1.6683283431094,4,3,0.702863969467704,t test with equal variances,mean group 1 = mean group 2,-0.189316762710484,7,0.855216893299162,0.855216893299162,no
MT14+dT,pel+dT,0.894130583278781,0.378300296989693,0.948722312692312,0.728057611350054,0.36152303897169,4,4,0.348147324463937,t test with equal variances,mean group 1 = mean group 2,1.64520861515563,8,0.138546232241652,0.238095238095238,no
MT14+dT,pel/usher+dT,0.894130583278781,0.378300296989693,0.765291164917289,0.0340801492597531,0.620581436971306,4,2,0.61339567473569,Mann-Whitney U test,median group 1 = medan group 2,13,NA,0.142857142857143,0.238095238095238,no
