Group 1,Group 2,Shapiro-Wilk test statistic Group 1,Shapiro-Wilk p value Group 1,Shapiro-wilk test statistic Group 2,Shapiro-Wilk p value Group 2,F test: F statistic,F test: num df,F test: denom df,F test: pvalue,test for comparisons of central tendencies,H0,test statistic,df,p value,FDR corrected p value,reject H0
MT48+dT,MT14+dT,0.954025764021363,0.765891921586447,0.928557169196182,0.586564895982822,1.36592125104664,4,4,0.769854841137369,t test with equal variances,mean group 1 = mean group 2,-4.2849156963822,8,0.00266967662966642,0.00934386820383246,yes
MT48+dT,algD+dT,0.954025764021363,0.765891921586447,0.943090423671055,0.687862191103445,0.156861897281505,4,4,0.100340429198824,t test with equal variances,mean group 1 = mean group 2,-0.967455429738715,8,0.361649899355903,0.361649899355903,no
MT48+dT,alg44+dT,0.954025764021363,0.765891921586447,0.847897476385531,0.187963653299022,0.330829768964806,4,4,0.309331448793926,t test with equal variances,mean group 1 = mean group 2,-2.5172101455767,8,0.0359647179994569,0.0629382564990496,no
MT48+dT,azu+dT,0.954025764021363,0.765891921586447,0.878647578747654,0.303227346478899,0.960542749184204,4,4,0.969815559844902,t test with equal variances,mean group 1 = mean group 2,-3.58022101122887,8,0.00718596037182706,0.0167672408675965,yes
MT48+dT,fimA+dT,0.954025764021363,0.765891921586447,0.87359940099922,0.281305876425982,2.55066314945156,4,4,0.38656057468042,t test with equal variances,mean group 1 = mean group 2,-5.65182821099146,8,0.000480404377264948,0.00336283064085464,yes
MT48+dT,fli+dT,0.954025764021363,0.765891921586447,0.973770488341845,0.898855559573861,0.682346863461624,4,4,0.72014253214289,t test with equal variances,mean group 1 = mean group 2,-1.91250395378371,8,0.0921747568082182,0.107537216276255,no
MT48+dT,usher+dT,0.954025764021363,0.765891921586447,0.838390562154655,0.160522099035996,1.63149171940513,4,4,0.64694761202252,t test with equal variances,mean group 1 = mean group 2,-2.28727407557129,8,0.0514834481427489,0.0720768273998484,no
