Group 1,Group 2,Shapiro-Wilk test statistic Group 1,Shapiro-Wilk p value Group 1,Shapiro-wilk test statistic Group 2,Shapiro-Wilk p value Group 2,F test: F statistic,F test: num df,F test: denom df,F test: pvalue,test for comparisons of central tendencies,H0,test statistic,df,p value,FDR corrected p value,reject H0
MT48+dT,MT14+dT,0.906550593187881,0.447141671966345,0.865020510569797,0.246840652685773,1.53681559440839,4,4,0.687322793848,t test with equal variances,mean group 1 = mean group 2,-7.2347532498628,8,8.93694889570729e-05,0.000222616939674248,yes
MT48+dT,algD+dT,0.906550593187881,0.447141671966345,0.952413879456287,0.731220941577612,0.348535025086425,4,3,0.334822383272674,t test with equal variances,mean group 1 = mean group 2,-4.11167771094243,7,0.00450640459429347,0.00463280926162521,yes
MT48+dT,alg44+dT,0.906550593187881,0.447141671966345,0.962516076496645,0.825386618387669,1.70430637661894,4,4,0.618174333747624,t test with equal variances,mean group 1 = mean group 2,-7.16783636261356,8,9.5407259860392e-05,0.000222616939674248,yes
MT48+dT,azu+dT,0.906550593187881,0.447141671966345,0.874152918229566,0.314264198684138,0.569276496163566,4,3,0.587851810798289,t test with equal variances,mean group 1 = mean group 2,-5.17583455869365,7,0.00128678090466008,0.00180149326652411,yes
MT48+dT,fimA+dT,0.906550593187881,0.447141671966345,0.974667323621987,0.904275124108292,0.680874941015053,4,4,0.718636963194838,t test with equal variances,mean group 1 = mean group 2,-5.59685441690823,8,0.00051212147604244,0.000896212583074271,yes
MT48+dT,fli+dT,0.906550593187881,0.447141671966345,0.927928687023608,0.582315222409943,0.832026347309219,4,4,0.862854353509241,t test with equal variances,mean group 1 = mean group 2,-7.43819080249608,8,7.34667220192176e-05,0.000222616939674248,yes
MT48+dT,usher+dT,0.906550593187881,0.447141671966345,0.842581920243381,0.203035629728033,0.656177399912264,4,3,0.675658190990923,t test with equal variances,mean group 1 = mean group 2,-4.08968308016217,7,0.00463280926162521,0.00463280926162521,yes
