Group 1,Group 2,Shapiro-Wilk test statistic Group 1,Shapiro-Wilk p value Group 1,Shapiro-wilk test statistic Group 2,Shapiro-Wilk p value Group 2,F test: F statistic,F test: num df,F test: denom df,F test: pvalue,test for comparisons of central tendencies,H0,test statistic,df,p value,FDR corrected p value,reject H0
MT14+dT,MT48+dT,0.930987120971816,0.603117413735116,0.994601981665326,0.993070871065746,0.580241272894428,4,4,0.610927005477332,t test with equal variances,mean group 1 = mean group 2,4.33157644558578,8,0.00250665311692143,0.0054383970643731,yes
MT14+dT,fimA/usher+dT,0.930987120971816,0.603117413735116,0.975876578217591,0.911449719404968,0.51620689528179,4,4,0.537621486809807,t test with equal variances,mean group 1 = mean group 2,0.836215141572172,8,0.427302926698839,0.534128658373549,no
MT14+dT,fli/usher+dT,0.930987120971816,0.603117413735116,0.976892521006497,0.883573228816908,0.196590418714762,4,3,0.150071365742623,t test with equal variances,mean group 1 = mean group 2,-0.462901562800885,7,0.657481258273438,0.657481258273438,no
MT14+dT,pel+dT,0.930987120971816,0.603117413735116,0.961851351561045,0.820813165738815,0.343683597076585,4,4,0.325598004020972,t test with equal variances,mean group 1 = mean group 2,4.13784542370088,8,0.00326303823862386,0.0054383970643731,yes
MT14+dT,pel/usher+dT,0.930987120971816,0.603117413735116,0.878381002397342,0.331767237138095,0.549950703082144,4,3,0.567355526536955,t test with equal variances,mean group 1 = mean group 2,6.2083306184679,7,0.000441657678263321,0.0022082883913166,yes
